name,code
Apodemia virgulti,APOMOR
Brephidium exilis,BREISO
Cercyonis sthenele silvestris,CERSTH
Celastrina ladon/neglecta,CELLAD
Colias eurytheme/philodice,COL-SP
Callophrys perplexa,CALLSHE
Abaeis nicippe,EURNIC
Erynnis funeralis/tristis,ERYN-SP
Papilio rumiko,PAPCRE
Colias harfordii,COLALE
Pieris rapae/Pontia protodice,SF-PIER
Aphodemia virgulti,APOMOR
Euphilotes bernardino,EUPBAT
Colias eurytheme/harfordii,HY-COL
Phyciodes pulchella,PHYCAM
Speyeria or Boloria sp.,NYMPH-SP
Plebejus melissa,LYCMEL
Phyciodes cocyta,PHYSEL
Speyeria hesperis,SPEYATL
Lycaeninae sp.,LYCA-SP
Euchloe  sp.,EUCHL-SP
Cupido amyntula,EVEAMY
Euphilotes ancilla,EUPENO
Pieris marginalis,PIENAP
Hesperia colorado,HESCOM
Aglais milberti,NYMMIL
Echinargus isola,HEMISO
Parnassius smintheus,PARNPHO
Callophrys affinis,CALLDUM
Celastrina humulus,TBD
Euphydryas anicia,EUPHCHA
Plebejus lupini texanus,PLELUP
Plebejus glandon,AGRGLA
Oenis sp.,OEN-SP
Anthocharis julia,ANTHSAR
Euchloe lotta,EUCHYA
Anthocharis thoosa,ANTHSAR
Zerene cesonia,COLCES
Danaus plexippus/Liminitis archippus,NYMPH-SP
Celastrina niger,CELNIG
Nymphalis milbertii,NYMMIL
Calephelis muticum,CALMUT
Phyciodes tharos/cocyta,PHY-SP
Chlosyne/Phyciodes sp.,NYMPH-SP
Papilio machaon/zelicaon,PAP-SP
Celastrina echo,CELLAD
Hesperia comma/colorado,HESP-SP
Ocholdes sylvanoides,OCHSYL
Euphydryas colon,EUPHCHA
Pholisora/Erynnis sp.,HESP-SP
Plebejus idas/melissa,PLE-SP
Hesperia colorado idaho,HESCOM
Papilio multicaudatus,PAPMUL
Plebejus idas,LYCIDA
Phyciodes cocyta selenis,PHYSEL
Pontia protodice/occidentalis,PON-SP
Nymphalis l-album,NYMVAU
Argynnini sp.,SPR-SP
Cupido comyntas,EVECOM
Melitaeini sp.,?-SP
Pyrgus communis/albescens,PYR-SP
Pyrisitia lisa,EURLIS
Papilionoidea sp.,PAP-SP
Copaeodes aurantiaca,COPAUR
Hesperia metea??,HESMET
Crescent/Checkerspot Sp.,NYMPH-SP
Chioides albofasciatus,CHICAT
Plebejus anna,TBD
Euphydryas colon/anicia,EUPHIL-SP
Euphydryas/Chlosyne sp.,NYMPH-SP
Heliconinae sp.,HELIC-SP
Atrytone logan,ANATLOG
Satyrium acadicum,SATACA
None Seen This Day,NONE
Euphyes conspicuus,EUPYCON
Unidentified duskywing,?-SP
Nymphalis vau-album,NYMVAU
Unknown voucher,?-SP
Unidentified sulphur,?-SP
Unidentified butterfly,?-SP
Fixsenia favonius,SATFAV
Unidentified skipper,?-SP
Unidentified polygonia,?-SP
Unidentified swallowtail,?-SP
Unidentified dark skipper,?-SP
Unidentified hairstreak,?-SP
Unidentified light skipper,?-SP
Unidentified fritillary,?-SP
Unidentified blue,?-SP
Unidentified vanessa,?-SP
Undentified satyr,?-SP
Unidentified sootywing,?-SP
Libytheana carienta,LIBCAR
Lyceana epixanthe,LYCAEPI
Lyceana hyllus,LYCAHYL
Celastrina serotina,CELLAD
Junonoia coenia,JUNCOE
Euphyes vestra,EUPYVES
Erynnis,ERY-SP
Ancycloxypha numitor,ANCNUM
Atrytonopsis hegon,AMBHEG
Papilio ?,PAP-SP
L. a. arthemis,LIMART
Pterourus appalachiensis,PAPGLA
Pontia protidice,PONPRO
Atrytonopsis vialis,AMBVIA
Polygonia/Nymphalis spp,POLY-SP
Celastrina,CEL-SP
Blue,POLYO-SP
Satyrodes,SATY-SP
Papilio sp,PAP-SP
Thorybes,THO-SP
Polygonia spp,POLY-SP
Colias,COL-SP
Callophrys,CALL-SP
Anthrocharis midea,ANTHMID
Speyeria,SPEY-SP
Satyrium,SAT-SP
Vanessa Sp,VAN-SP
Boloria,BOLO-SP
Pieris spp,PIER-SP
Plebejus acmon (includes texana and lutzi),PLEACM
Junonia genoveva,JUNGEN
Boloria montinus (distinct from Old World titania),BOLOMON
Megisto cymela (includes viola),MEGICYM
Papilionidae,F-PAPI
Polydryas arachne,POLARA
Anthocharis sara (includes thoosa and julia),ANTHSAR
Junonia genoveva (form nigrosuffusa),JUNGEN
Speyeris aphrodite,SPEYAPH
Pierinae,SF-PIER
Polyommatinae,SF-POLY
Theclinae,SF-THEC
Celastrina nigra (=ebinina),CELNIG
Coliadinae,SF-COLI
Hesperiinae,SF-HESP
Oeneis taygete (distinct from Old World Oeneis bore),OENTAY
Heliconiinae,SF-HELI
Megathymus yuccae (includes coloradensis),MEGYUC
Pyrgus,PYR-SP
Satyrinae,SF-SATY
Pyrginae,SF-PYRG
Nymphalinae,SF-NYMP
Satyrium fuliginosa,SATFUL
"",?-SP
Hesperiidae,F-HESP
Papilioninae,SF-PAPI
Pieridae,F-PIER
Lycaenidae,F-LYCA
Nymphalidae,F-NYMP
Phyciodes,PHY-SP
Polygonia,POLY-SP
Hesperia,HES-SP
Poladryas arachne,POLARA
Butterfly,BFLY
Enodia,ENO-SP
Papilio,PAP-SP
Asterocampa,AST-SP
Cercyonis,CER-SP
Pieris,PIE-SP
Urbanus,URB-SP
Vanessa,VAN-SP
Lycaeninae,?-SP
Danaus,DAN-SP
Anaea,ANA-SP
Eurema,EUR-SP
Junonia,JUN-SP
Phoebis,PHOE-SP
Amblyscirtes,AMB-SP
Euphydryas,EUPH-SP
Nymphalis,NYM-SP
Parnassius,PARN-SP
Plebejus,PLE-SP
Phoebis neleis,PHOESTA
Piruna ajijiciensis,TBD
Wallengrenia,WAL-SP
Nastra,NAS-SP
Boloria montinus (formerly titania),BOLOMON
Lycaena,LYCA-SP
Poanes,POA-SP
Polites,POLI-SP
Euphilotes,EUP-SP
Pontia,PON-SP
Coenonympha,COE-SP
Heteropterinae,SF-HETE
Agriades,AGR-SP
Chlosyne,CHLO-SP
Oeneis,OEN-SP
Panoquina lucas,PANSYL
Panthiades bathildis,TBD
Ochlodes,OCH-SP
Calephelis,CAL-SP
Erebia,ERE-SP
Euchloe,EUC-SP
Parnassius phoebus behrii,PARNPHO
NULL,?-SP
Anthocharis,ANTH-SP
Notamblyscirtes simius,AMBSIM
Celotes,CELO-SP
Celastrina ladon serotina,CELLAD
Marpesia,MAR-SP
Hemiargus,HEM-SP
Euphyes,EUPY-SP
Strymon,STR-SP
Everes,EVE-SP
Calycopis,CALY-SP
Lycaeides,LYC-SP
Limenitis,LIM-SP
Riodinidae,F-RIOD
Pholisora,PHOL-SP
Problema,PRO-SP
Heliopetes,HELI-SP
Staphylus,STAP-SP
Electrostrymon mathewi,TBD
Megathymus,MEG-SP
Limenitidinae,SF-LIME
Euphilotes enoptes enoptes,EUPENO
Atlides rustan,TBD
Euptoieta,EUPT-SP
Thessalia leanira,CHLOLEA
Thessalia fulvia,CHLOFUL
Michaelus ira,TBD
Dynamine postverta,NOT-IN-NA
Temenis loathoe,TBD
Thessalia theona,CHLOTHE
Callimormus saturnus,TBD
Thessalia cyneas,CHLOCYN
Ministrymon janevicroy,TBD
Astraptes talus,TBD
Anastrus sempiternus,TBD
Antigonus erosus,TBD
Mimoides phaon,TBD
Zizina Otis,TBD
Melete lycimnia,TBD
Saliana esperi,TBD
Heliopetes alana,TBD
Pieris  napi,PIENAP
Euphys sp.,?-SP
Zizina otis,TBD
Phocides belus,TBD
Pieriballia viardi,TBD
Pteronymia cotytto,TBD
Archaeoprepona demophon,TBD
Anaea forreri,TBD
Megathymus cofaqui (includes harrisi),MEGCOF
"""""""""Colias boothi"""""""" hecla x nastes?",COLBOO
Erebia kozhantshikovi (includes lafontainei),EREKOZ
Danainae,?-SP
Erebia dabanensis (includes youngi),EREDAB
Oeneis alpina (includes exubitor),OENALP
Oeneis rosovi (includes philipi),OENROS
Achalarus sp.,ACH-SP
Achalarus albociliatus,ACHALB
Achalarus casica,ACHCAS
Achalarus jalapus,ACHJAL
Achlyodes thraso,ACHLTHR
Achalarus lyciades,ACHLYC
Achalarus toxeus,ACHTOX
Adelpha sp.,ADE-SP
Adelpha basiloides,ADEBAS
Adelpha bredowii,ADEBRE
Adelpha fessonia,ADEFES
Adopaeoides prittwitzi,ADOPRI
Agathymus sp.,AGA-SP
Agathymus alliae,AGAALL
Agathymus aryxna,AGAARY
Agathymus aryxna baueri,AGAARY
Agathymus aryxna gentryi,AGAARY
Agathymus evansi,AGAEVA
Agathymus mariae,AGAMAR
Agathymus neumoegeni,AGANEU
Agathymus polingi,AGAPOL
Agathymus remingtoni,AGAREM
Agathymus stephensi,AGASTE
Agriades sp.,AGR-SP
Agraulis vanillae,AGRAVAN
Agriades cassiope,AGRCAS
Agriades glandon,AGRGLA
Agriades glandon glandon,AGRGLA
Agriades glandon franklinii,AGRGLA
Agriades glandon podarce,AGRGLA
Aguna sp.,AGU-SP
Aguna asander,AGUASA
Aguna claxon,AGUCLA
Aguna metophis,AGUMET
Allosmaitia strophius,ALLSTR
Amblyscirtes sp.,AMB-SP
Amblyscirtes aenus,AMBAEN
Amblyscirtes aesculapius,AMBAES
Amblyscirtes alternata,AMBALT
Amblyscirtes belli,AMBBEL
Amblyscirtes carolina,AMBCAR
Amblyscirtes cassus,AMBCAS
Amblyscirtes celia,AMBCEL
Amblyscirtes elissa,AMBELI
Amblyscirtes eos,AMBEOS
Amblyscirtes exoteria,AMBEXO
Amblyscirtes fimbriata,AMBFIM
Amblyscirtes hegon,AMBHEG
Amblyscirtes linda,AMBLIN
Amblyscirtes nereus,AMBNER
Amblyscirtes nysa,AMBNYS
Amblyscirtes oslari,AMBOSL
Amblyscirtes phylace,AMBPHY
Amblyscirtes reversa,AMBREV
Amblyscirtes simius,AMBSIM
Amblyscirtes texanae,AMBTEX
Amblyscirtes tolteca,AMBTOL
Amblyscirtes tolteca prenda,AMBTOL
Amblyscirtes vialis,AMBVIA
Anaea sp.,ANA-SP
Anaea aidea,ANAAID
Anaea andria,ANAAND
Anaea floridalis,ANAFLO
Anaea glycerium,ANAGLY
Anaea pithyusa,ANAPIT
Anartia sp.,ANAR-SP
Anartia chrysopelea,ANARCHR
Anartia fatima,ANARFAT
Anartia jatrophae,ANARJAT
Anatrytone sp.,ANAT-SP
Anatrytone logan,ANATLOG
Anatrytone mazai,ANATMAZ
Ancyloxypha sp.,ANC-SP
Ancyloxypha arene,ANCARE
Ancyloxypha numitor,ANCNUM
Anteos sp.,ANT-SP
Anteos clorinde,ANTCLO
Anthocharis sp.,ANTH-SP
Anthocharis cethura,ANTHCET
Anthocharis cethura pima,ANTHCET
Anthocharis lanceolata,ANTHLAN
Anthocharis midea,ANTHMID
Anthocharis sara,ANTHSAR
Anthocharis sara sara,ANTHSAR
Anthocharis sara stella,ANTHSAR
Antigonus emorsus,ANTIEMO
Anteos maerula,ANTMAE
Apodemia sp.,APO-SP
Apodemia hepburni,APOHEP
Apodemia mormo,APOMOR
Apodemia mormo virgulti,APOMOR
Apodemia mormo mejicanus,APOMOR
Apodemia mormo duryi,APOMOR
Apodemia multiplaga,APOMUL
Apodemia nais,APONAI
Apodemia nais nais,APONAI
Apodemia nais chisosensis,APONAI
Apodemia palmeri,APOPAL
Apodemia phyciodoides,APOPHY
Apodemia walkeri,APOWAL
Appias drusilla,APPDRU
Arawacus jada,ARAJAD
Arteurotia tractipennis,ARTTRA
Asbolis capucinus,ASBCAP
Ascia monuste,ASCMON
Asterocampa sp.,AST-SP
Asterocampa celtis,ASTCEL
Asterocampa clyton,ASTCLY
Asterocampa idyja argus,ASTIDY
Asterocampa leilia,ASTLEI
Astraptes sp.,ASTR-SP
Astraptes alardus,ASTRALA
Astraptes anaphus,ASTRANA
Astraptes egregius,ASTREGR
Astraptes fulgerator,ASTRFUL
Astraptes gilberti,ASTRGIL
Atalopedes campestris,ATACAM
Atlides halesus,ATLHAL
Atrytone arogos,ATRARO
Atrytonopsis sp.,ATRY-SP
Atrytonopsis cestus,ATRYCES
Atrytonopsis deva,ATRYDEV
Atrytonopsis edwardsii,ATRYEDW
Atrytonopsis hianna,ATRYHIA
Atrytonopsis hianna loammi,ATRYHIA
Atrytonopsis lunus,ATRYLUN
Atrytonopsis pittacus,ATRYPIT
Atrytonopsis python,ATRYPYT
Atrytonopsis vierecki,ATRYVIE
Autochton sp.,AUT-SP
Autochton cellus,AUTCEL
Autochton cincta,AUTCIN
Autochton pseudocellus,AUTPSE
Battus sp.,BAT-SP
Battus philenor,BATPHI
Battus polydamas,BATPOL
Butterfly sp.,BFLY
Biblis hyperia,BIBHYP
Bolla sp.,BOL-SP
Bolla brennus,BOLBRE
Bolla clytius,BOLCLY
Boloria sp.,BOLO-SP
Boloria alberta,BOLOALB
Boloria astarte,BOLOAST
Boloria astarte distincta,BOLOAST
Boloria bellona,BOLOBEL
Boloria chariclea,BOLOCHA
Boloria epithore,BOLOEPI
Boloria eunomia,BOLOEUN
Boloria freija,BOLOFRE
Boloria frigga,BOLOFRI
Boloria improba,BOLOIMP
Boloria improba harryi,BOLOIMP
Boloria kriemhild,BOLOKRI
Boloria montinus,BOLOMON
Boloria napaea,BOLONAP
Boloria natazhati,BOLONAT
Boloria polaris,BOLOPOL
Boloria selene,BOLOSEL
Brephidium sp.,BRE-SP
Brephidium exile,BREEXI
Brephidium isophthalma,BREISO
Colias philodice/eurytheme,C-COL
Cabares potrillo,CABPOT
Calephelis sp.,CAL-SP
Calephelis arizonensis,CALARI
Calephelis borealis,CALBOR
Callophrys sp.,CALL-SP
Callophrys augustinus,CALLAUG
Callophrys dumetorum,CALLDUM
Callophrys dumetorum dumetorum,CALLDUM
Callophrys dumetorum viridis,CALLDUM
Callophrys dumetorum apama,CALLDUM
Callophrys dumetorum affinis,CALLDUM
Callophrys eryphon,CALLERY
Callophrys fotis,CALLFOT
Callophrys gryneus,CALLGRY
Callophrys gryneus gryneus,CALLGRY
Callophrys gryneus sweadneri,CALLGRY
Callophrys gryneus siva,CALLGRY
Callophrys gryneus nelsoni,CALLGRY
Callophrys gryneus muiri,CALLGRY
Callophrys gryneus loki,CALLGRY
Callophrys gryneus thornei,CALLGRY
Callophrys henrici,CALLHEN
Callophrys hesseli,CALLHES
Callophrys irus,CALLIRU
Callophrys johnsoni,CALLJOH
Callophrys lanoraieensis,CALLLAN
Callophrys mcfarlandi,CALLMCF
Callophrys mossii,CALLMOS
Callophrys niphon,CALLNIP
Callophrys polios,CALLPOL
Callophrys sheridanii,CALLSHE
Callophrys sheridanii sheridanii,CALLSHE
Callophrys sheridanii comstocki,CALLSHE
Callophrys sheridanii lemberti,CALLSHE
Callophrys spinetorum,CALLSPI
Callophrys xami,CALLXAM
Calephelis mutica,CALMUT
Calephelis nemesis,CALNEM
Calephelis perditalis,CALPER
Calpodes ethlius,CALPETH
Calephelis rawsoni,CALRAW
Calephelis rawsoni rawsoni,CALRAW
Calephelis rawsoni freemani,CALRAW
Calephelis virginiensis,CALVIR
Calephelis wrighti,CALWRI
Calycopis sp.,CALY-SP
Calycopis cecrops,CALYCEC
Calycopis isobeon,CALYISO
Caria ino,CARINO
Carrhenes canescens,CARRCAN
Carterocephalus palaemon,CARTPAL
Catasticta nimbice,CATNIM
Celastrina sp.,CEL-SP
Celaenorrhinus sp.,CELA-SP
Celaenorrhinus fritzgaertneri,CELAFRI
Celaenorrhinus stallingsi,CELASTA
Celastrina ladon,CELLAD
Celastrina ladon ladon,CELLAD
Celastrina ladon violacea,CELLAD
Celastrina ladon ssp.,CELLAD
Celastrina ladon idella,CELLAD
Celastrina ladon humulus,CELLAD
Celastrina ladon argentata,CELLAD
Celastrina ladon neglecta,CELLAD
Celastrina neglectamajor,CELNEG
Celastrina nigra,CELNIG
Celotes sp.,CELO-SP
Celotes limpia,CELOLIM
Celotes nessus,CELONES
Cercyonis sp.,CER-SP
Cercyonis meadii,CERMEA
Cercyonis oetus,CEROET
Cercyonis pegala,CERPEG
Cercyonis sthenele,CERSTH
Chioides sp.,CHI-SP
Chioides catillus,CHICAT
Chiomara sp.,CHIO-SP
Chiomara asychis,CHIOASY
Chiomara mithrax,CHIOMIT
Chioides zilpa,CHIZIL
Chlorostrymon sp.,CHL-SP
Chlorostrymon maesites,CHLMAE
Chlosyne sp.,CHLO-SP
Chlosyne acastus,CHLOACA
Chlosyne californica,CHLOCAL
Chlosyne chinatiensis,CHLOCHI
Chlosyne cyneas,CHLOCYN
Chlosyne definita,CHLODEF
Chlosyne endeis,CHLOEND
Chlosyne fulvia,CHLOFUL
Chlosyne gabbii,CHLOGAB
Chlosyne gorgone,CHLOGOR
Chlosyne harrisii,CHLOHAR
Chlosyne hoffmanni,CHLOHOF
Chlosyne janais,CHLOJAN
Chlosyne lacinia,CHLOLAC
Chlosyne leanira,CHLOLEA
Chlosyne marina,CHLOMAR
Chlosyne nycteis,CHLONYC
Chlosyne palla,CHLOPAL
Chlosyne rosita,CHLOROS
Chlosyne theona,CHLOTHE
Chlosyne whitneyi,CHLOWHI
Chlorostrymon simaethis,CHLSIM
Chlorostrymon telea,CHLTEL
Codatractus sp.,COD-SP
Codatractus alcaeus,CODALC
Codatractus arizonensis,CODARI
Codatractus mysie,CODMYS
Coenonympha sp.,COE-SP
Coenonympha haydenii,COEHAY
Coenonympha tullia,COETUL
Coenonympha tullia inornata,COETUL
Coenonympha tullia nipisiquit,COETUL
Coenonympha tullia ochracea,COETUL
Coenonympha tullia ampelos,COETUL
Coenonympha tullia california,COETUL
Cogia sp.,COG-SP
Cogia caicus,COGCAI
Cogia calchas,COGCAL
Cogia hippalus,COGHIP
Cogia outis,COGOUT
Colias sp.,COL-SP
Colias alexandra,COLALE
Colias alexandra harfordii,COLALE
Colias alexandra krauthii,COLALE
Colias behrii,COLBEH
Colias boothi,COLBOO
Colias canadensis,COLCAN
Colias cesonia,COLCES
Colias christina,COLCHR
Colias eurydice,COLEU1
Colias eurytheme,COLEU2
Colias gigantea,COLGIG
Colias hecla,COLHEC
Colias interior,COLINT
Colias johanseni,COLJOH
Colias meadii,COLMEA
Colias nastes,COLNAS
Colias nastes thula,COLNAS
Colias occidentalis,COLOCC
Colias occidentalis chrysomelas,COLOCC
Colias occidentalis pseudochristina,COLOCC
Colias palaeno,COLPAL
Colias pelidne,COLPEL
Colias philodice,COLPHI
Colias scudderi,COLSCU
Conga chydaea,CONCHY
Copaeodes sp.,COP-SP
Copaeodes aurantiacus,COPAUR
Copaeodes minimus,COPMIN
Corticea corticea,CORCOR
Cyanophrys sp.,CYA-SP
Cyanophrys goodsoni,CYAGOO
Cyanophrys herodotus,CYAHER
Cyanophrys miserabilis,CYAMIS
Cyllopsis sp.,CYL-SP
Cyllopsis gemma,CYLGEM
Cyllopsis pertepida,CYLPER
Cyllopsis pyracmon,CYLPYR
Cyllopsis pyracmon pyracmon,CYLPYR
Cyllopsis pyracmon henshawi,CYLPYR
Cymaenes sp.,CYM-SP
Cymaenes odilia,CYMODI
Cymaenes tripunctus,CYMTRI
Danaus sp.,DAN-SP
Danaus eresimus,DANERE
Danaus gilippus,DANGIL
Danaus plexippus,DANPLE
Decinea percosius,DECPER
Dione moneta,DIOMON
Dircenna klugii,DIRKLU
Doxocopa sp.,DOX-SP
Doxocopa laure,DOXLAU
Doxocopa pavon,DOXPAV
Dryas iulia,DRYAJUL
Dryadula phaetusa,DRYPHA
Dymasia dymas,DYMDYM
Dymasia dymas chara,DYMDYM
Dynamine dyonis,DYNDYO
Electrostrymon sp.,ELE-SP
Electrostrymon angelia,ELEANG
Electrostrymon canus,ELECAN
Electrostrymon sangala,ELESAN
Emesis sp.,EME-SP
Emesis ares,EMEARE
Emesis emesia,EMEEME
Emesis tenedia,EMETEN
Emesis zela,EMEZEL
Enantia albania,ENAALB
Enodia sp.,ENO-SP
Enodia anthedon,ENOANT
Enodia creola,ENOCRE
Enodia portlandia,ENOPOR
Epargyreus sp.,EPA-SP
Epargyreus clarus,EPACLA
Epargyreus exadeus,EPAEXA
Epargyreus zestos,EPAZES
Ephyriades brunneus,EPHBRU
Epiphile adrasta,EPIADR
Erebia sp.,ERE-SP
Erebia callias,ERECAL
Erebia dabanensis,EREDAB
Erebia disa,EREDI1
Erebia discoidalis,EREDI2
Erebia epipsodea,EREEPI
Erebia fasciata,EREFAS
Erebia kozhantshikovi,EREKOZ
Erebia magdalena,EREMAG
Erebia mancinus,EREMAN
Erebia occulta,EREOCC
Erebia rossii,EREROS
Erebia theano,ERETHE
Erebia vidleri,EREVID
Erionota thrax,ERITHR
Erora sp.,ERO-SP
Erora laeta,EROLAE
Erora quaderna,EROQUA
Erynnis sp.,ERY-SP
Erynnis afranius,ERYAFR
Erynnis baptisiae,ERYBAP
Erynnis brizo,ERYBRI
Erynnis funeralis,ERYFUN
Erynnis horatius,ERYHOR
Erynnis icelus,ERYICE
Erynnis juvenalis,ERYJUV
Erynnis juvenalis clitus,ERYJUV
Erynnis lucilius,ERYLUC
Erynnis martialis,ERYMAR
Erynnis meridianus,ERYMER
Erynnis pacuvius,ERYPAC
Erynnis persius,ERYPER
Erynnis propertius,ERYPRO
Erynnis scudderi,ERYSCU
Erynnis telemachus,ERYTEL
Erynnis tristis,ERYTRI
Erynnis zarucco,ERYZAR
Euchloe sp.,EUC-SP
Euchloe ausonides,EUCAUS
Euchloe creusa,EUCCRE
Euchloe guaymasensis,EUCGUA
Euchloe hyantis,EUCHYA
Euchloe hyantis hyantis,EUCHYA
Euchloe hyantis lotta,EUCHYA
Euchloe naina,EUCNAI
Euchloe olympia,EUCOLY
Eueides isabella,EUEISA
Eumaeus atala,EUMATA
Eunica sp.,EUN-SP
Eunica monima,EUNMON
Eunica tatila,EUNTAT
Euphilotes sp.,EUP-SP
Euphilotes battoides,EUPBAT
Euphilotes battoides allyni,EUPBAT
Euphilotes battoides bernardino,EUPBAT
Euphilotes battoides intermedia,EUPBAT
Euphilotes battoides baueri,EUPBAT
Euphilotes battoides centralis,EUPBAT
Euphilotes battoides ellisi,EUPBAT
Euphilotes enoptes,EUPENO
Euphilotes enoptes mojave,EUPENO
Euphilotes enoptes dammersi,EUPENO
Euphilotes enoptes ancilla,EUPENO
Euphydryas sp.,EUPH-SP
Euphydryas chalcedona,EUPHCHA
Euphydryas chalcedona chalcedona,EUPHCHA
Euphydryas chalcedona colon,EUPHCHA
Euphydryas chalcedona anicia,EUPHCHA
Euphydryas editha,EUPHEDI
Euphydryas gillettii,EUPHGIL
Euphydryas phaeton,EUPHPHA
Euphilotes rita,EUPRIT
Euphilotes rita pallescens,EUPRIT
Euphilotes spaldingi,EUPSPA
Euptoieta sp.,EUPT-SP
Euptoieta claudia,EUPTCLA
Euptoieta hegesia,EUPTHEG
Euphyes sp.,EUPY-SP
Euphyes arpa,EUPYARP
Euphyes bayensis,EUPYBAY
Euphyes berryi,EUPYBER
Euphyes bimacula,EUPYBIM
Euphyes conspicua,EUPYCON
Euphyes dion,EUPYDIO
Euphyes dukesi,EUPYDUK
Euphyes pilatka,EUPYPIL
Euphyes vestris,EUPYVES
Eurema sp.,EUR-SP
Eurema albula,EURALB
Eurema boisduvaliana,EURBOI
Eurema daira,EURDAI
Eurema dina,EURDIN
Eurema lisa,EURLIS
Eurema messalina,EURMES
Eurema mexicana,EURMEX
Eurema nicippe,EURNIC
Eurema nise,EURNIS
Eurema proterpia,EURPRO
Eurema salome,EURSAL
Eurytides sp.,EURY-SP
Eurytides marcellus,EURYMAR
Eurytides philolaus,EURYPHI
Everes sp.,EVE-SP
Everes amyntula,EVEAMY
Everes comyntas,EVECOM
Hesperiidae sp.,F-HESP
Lycaenidae sp.,F-LYCA
Nymphalidae sp.,F-NYMP
Papilionidae sp.,F-PAPI
Pieridae sp.,F-PIER
Riodinidae sp.,F-RIOD
Feniseca tarquinius,FENTAR
Ganyra sp.,GAN-SP
Ganyra howarthii,GANHOW
Ganyra josephina,GANJOS
Gesta gesta,GESGES
Glaucopsyche sp.,GLA-SP
Glaucopsyche lygdamus,GLALYG
Glaucopsyche piasus,GLAPIA
Glaucopsyche xerces,GLAXER
Gorgythion begga,GORBEG
Grais stigmatica,GRASTI
Colias philodiceXeurytheme,H-COL
Limenitis arthemis artXast,H-LIM1
Limenitis archippusXweidemeyerii,H-LIM2
Limenitis arthemisXweidemeyerii,H-LIM3
Limenitis arthemisXarchippus,H-LIM4
Limenitis lorquiniXarthemis,H-LIM5
Habrodais grunus,HABGRU
Hamadryas sp.,HAM-SP
Hamadryas amphichloe,HAMAM1
Hamadryas amphinome,HAMAM2
Hamadryas atlantis,HAMATL
Hamadryas februa,HAMFEB
Hamadryas feronia,HAMFER
Hamadryas glauconome,HAMGLA
Hamadryas guatemalena,HAMGUA
Heliconius sp.,HEL-SP
Heliconius charithonia,HELCHA
Heliconius erato,HELERA
Heliopetes sp.,HELI-SP
Heliopetes arsalte,HELIARS
Heliopetes domicella,HELIDOM
Heliopetes ericetorum,HELIERI
Heliopetes laviana,HELILAV
Heliopetes macaira,HELIMAC
Hemiargus sp.,HEM-SP
Hemiargus ammon,HEMAMM
Hemiargus ceraunus,HEMCER
Hemiargus isola,HEMISO
Hemiargus thomasi,HEMTHO
Hermeuptychia sosybius,HERSOS
Hesperia sp.,HES-SP
Hesperia attalus,HESATT
Hesperia columbia,HESCOL
Hesperia comma,HESCOM
Hesperia comma colorado,HESCOM
Hesperia comma assiniboia,HESCOM
Hesperia dacotae,HESDAC
Hesperia juba,HESJUB
Hesperia leonardus,HESLEO
Hesperia lindseyi,HESLIN
Hesperia meskei,HESMES
Hesperia metea,HESMET
Hesperia miriamae,HESMIR
Hesperia nevada,HESNEV
Hesperia ottoe,HESOTT
Hesperopsis sp.,HESP-SP
Hesperia pahaska,HESPAH
Hesperopsis alpheus,HESPALP
Hesperopsis alpheus alpheus,HESPALP
Hesperopsis alpheus gracielae,HESPALP
Hesperopsis libya,HESPLIB
Hesperia sassacus,HESSAS
Hesperia uncas,HESUNC
Hesperia viridis,HESVIR
Hesperia woodgatei,HESWOO
Historis sp.,HIS-SP
Historis acheronta,HISACH
Historis odius,HISODI
Hylephila phyleus,HYLPHY
Hypolimnas misippus,HYPLMIS
Hypanartia lethe,HYPNLET
Hypostrymon critola,HYPSCRI
Hypaurotis crysalus,HYPUCRY
Junonia sp.,JUN-SP
Junonia coenia,JUNCOE
Junonia evarete,JUNEVA
Junonia genoveva form nigrosuffusa,JUNGEN
Kricogonia lyside,KRILYS
Lampides boeticus,LAMBOE
Lasaia sula,LASSUL
Leptotes sp.,LEP-SP
Leptotes cassius,LEPCAS
Leptotes marina,LEPMAR
Lerema sp.,LER-SP
Lerema accius,LERACC
Lerema liris,LERLIR
Lerodea sp.,LERO-SP
Lerodea arabus,LEROARA
Lerodea dysaules,LERODYS
Lerodea eufala,LEROEUF
Libytheana carinenta,LIBCAR
Limenitis sp.,LIM-SP
Limenitis archippus,LIMARC
Limenitis arthemis,LIMART
Limenitis lorquini,LIMLOR
Limenitis weidemeyerii,LIMWEI
Lycaeides sp.,LYC-SP
Lycaena sp.,LYCA-SP
Lycaena arota,LYCAARO
Lycaena cupreus,LYCACUP
Lycaena cupreus snowi,LYCACUP
Lycaena dione,LYCADIO
Lycaena dorcas,LYCADOR
Lycaena dorcas claytoni,LYCADOR
Lycaena dorcas dospassosi,LYCADOR
Lycaena editha,LYCAEDI
Lycaena epixanthe,LYCAEPI
Lycaena gorgon,LYCAGOR
Lycaena helloides,LYCAHEL
Lycaena hermes,LYCAHER
Lycaena heteronea,LYCAHET
Lycaena hyllus,LYCAHYL
Lycaena mariposa,LYCAMAR
Lycaena nivalis,LYCANIV
Lycaena phlaeas,LYCAPHL
Lycaena rubidus,LYCARUB
Lycaena rubidus ferrisi,LYCARUB
Lycaena xanthoides,LYCAXAN
Lycaeides idas,LYCIDA
Lycaeides melissa,LYCMEL
Lycorea cleobaea,LYCOCLE
Marpesia sp.,MAR-SP
Marpesia chiron,MARCHI
Marpesia coresia,MARCOR
Marpesia eleuchea,MARELE
Marpesia petreus,MARPET
Megathymus sp.,MEG-SP
Megathymus cofaqui,MEGCOF
Megisto sp.,MEGI-SP
Megisto cymela,MEGICYM
Megisto rubricata,MEGIRUB
Megathymus streckeri,MEGSTR
Megathymus ursus,MEGURS
Megathymus yuccae,MEGYUC
Melanis pixe,MELPIX
Mestra amymone,MESAMY
Microtia elva,MICELV
Ministrymon sp.,MINI-SP
Ministrymon azia,MINIAZI
Ministrymon clytie,MINICLY
Ministrymon leda,MINILED
Monca tyrtaeus,MONTYR
Morpho polyphemus,MORPOL
Myscelia sp.,MYS-SP
Myscelia cyananthe,MYSCYA
Myscelia ethusa,MYSETH
Nastra sp.,NAS-SP
Nastra julia,NASJUL
Nastra lherminier,NASLHE
Nastra neamathla,NASNEA
Nathalis iole,NATIOL
Neominois ridingsii,NEOMRID
Neonympha sp.,NEON-SP
Neonympha areolata,NEONARE
Neonympha mitchellii,NEONMIT
Neophasia sp.,NEOP-SP
Neophasia menapia,NEOPMEN
Neophasia terlootii,NEOPTER
Nisoniades rubescens,NISRUB
Noctuana stator,NOCSTA
Nyctelius nyctelius,NYCNYC
Nymphalis sp.,NYM-SP
Nymphalis antiopa,NYMANT
Nymphalis californica,NYMCAL
Nymphalis milberti,NYMMIL
Nymphalis urticae,NYMURT
Nymphalis vaualbum,NYMVAU
Oarisma sp.,OAR-SP
Oarisma edwardsii,OAREDW
Oarisma garita,OARGAR
Oarisma poweshiek,OARPOW
Ocaria ocrisia,OCAOCR
Ochlodes sp.,OCH-SP
Ochlodes agricola,OCHAGR
Ochlodes sylvanoides,OCHSYL
Ochlodes yuma,OCHYUM
Oeneis sp.,OEN-SP
Oeneis alberta,OENALB
Oeneis alpina,OENALP
Oeneis chryxus,OENCHR
Oeneis chryxus chryxus,OENCHR
Oeneis chryxus ivallda,OENCHR
Oeneis jutta,OENJUT
Oeneis macounii,OENMAC
Oeneis melissa,OENMEL
Oeneis nevadensis,OENNEV
Oenomaus ortygnus,OENOORT
Oeneis polixenes,OENPOL
Oeneis rosovi,OENROS
Oeneis taygete,OENTAY
Oeneis uhleri,OENUHL
Oligoria maculata,OLIMAC
Panoquina sp.,PAN-SP
Panoquina errans,PANERR
Panoquina fusina,PANFUS
Panoquina hecebola,PANHEC
Panoquina ocola,PANOCO
Panoquina panoquin,PANPA1
Panoquina panoquinoides,PANPA2
Panoquina sylvicola,PANSYL
Papilio sp.,PAP-SP
Papilio andraemon,PAPAN1
Papilio androgeus,PAPAN2
Papilio anchisiades,PAPANC
Papilio aristodemus,PAPARI
Papilio astyalus,PAPAST
Papilio brevicauda,PAPBRE
Papilio canadensis,PAPCAN
Papilio cresphontes,PAPCRE
Papilio eurymedon,PAPEUR
Papilio garamas,PAPGAR
Papilio glaucus,PAPGLA
Papilio indra,PAPIND
Papilio joanae,PAPJOA
Papilio machaon,PAPMAC
Papilio machaon bairdii,PAPMAC
Papilio machaon oregonius,PAPMAC
Papilio multicaudata,PAPMUL
Papilio ornythion,PAPORN
Papilio palamedes,PAPPAL
Papilio pharnaces,PAPPHA
Papilio pilumnus,PAPPIL
Papilio polyxenes,PAPPOL
Papilio polyxenes coloro,PAPPOL
Papilio rutulus,PAPRUT
Papilio thoas,PAPTHO
Papilio troilus,PAPTRO
Papilio victorinus,PAPVIC
Papilio xuthus,PAPXUT
Papilio zelicaon,PAPZEL
Paramacera allyni,PARALL
Parides alopius,PARALO
Paratrytone snowi,PARASNO
Parnassius sp.,PARN-SP
Parnassius clodius,PARNCLO
Parnassius eversmanni,PARNEVE
Parnassius phoebus,PARNPHO
Parnassius phoebus phoebus,PARNPHO
Parnassius phoebus smintheus,PARNPHO
Parnassius phoebus behri,PARNPHO
Parrhasius m-album,PARRMAL
Pellicia sp.,PEL-SP
Pellicia arina,PELARI
Pellicia dimidiata,PELDIM
Perichares philetes,PERPHI
Phaeostrymon alcestis,PHAALC
Philotiella speciosa,PHILSPE
Philotiella speciosa leona,PHILSPE
Philotes sonorensis,PHISON
Phocides sp.,PHO-SP
Phoebis sp.,PHOE-SP
Phoebis agarithe,PHOEAGA
Phoebis neocypris,PHOENEO
Phoebis orbis,PHOEORB
Phoebis philea,PHOEPHI
Phoebis sennae,PHOESEN
Phoebis statira,PHOESTA
Pholisora sp.,PHOL-SP
Pholisora catullus,PHOLCAT
Pholisora mejicana,PHOLMEJ
Phocides pigmalion,PHOPIG
Phocides polybius,PHOPOL
Phyciodes sp.,PHY-SP
Phyciodes argentea,PHYARG
Phyciodes batesii,PHYBAT
Phyciodes campestris,PHYCAM
Phyciodes frisia,PHYFRI
Phyciodes mylitta,PHYMYL
Phyciodes orseis,PHYORS
Phyciodes pallida,PHYPAL
Phyciodes phaon,PHYPHA
Phyciodes picta,PHYPIC
Phyciodes ptolyca,PHYPTO
Phyciodes selenis,PHYSEL
Phyciodes texana,PHYTEX
Phyciodes texana texana,PHYTEX
Phyciodes texana seminole,PHYTEX
Phyciodes tharos,PHYTHA
Phyciodes tulcis,PHYTUL
Phyciodes vesta,PHYVES
Pieris sp.,PIE-SP
Pieris napi,PIENAP
Pieris napi oleracea,PIENAP
Pieris napi marginalis,PIENAP
Pieris rapae,PIERAP
Pieris virginiensis,PIEVIR
Piruna sp.,PIR-SP
Piruna cingo,PIRCIN
Piruna haferniki,PIRHAF
Piruna microstictus,PIRMIC
Piruna pirus,PIRPIR
Piruna polingi,PIRPOL
Plebejus sp.,PLE-SP
Plebejus acmon,PLEACM
Plebejus emigdionis,PLEAMI
Plebejus icarioides,PLEICA
Plebejus icarioides missionensis,PLEICA
Plebejus lupini,PLELUP
Plebejus neurona,PLENEU
Plebejus saepiolus,PLESAE
Plebejus shasta,PLESHA
Poanes sp.,POA-SP
Poanes aaroni,POAAAR
Poanes hobomok,POAHOB
Poanes massasoit,POAMAS
Poanes melane,POAMEL
Poanes taxiles,POATAX
Poanes viator,POAVIA
Poanes yehl,POAYEH
Poanes zabulon,POAZAB
Poladryas sp.,POL-SP
Polyadryas arachne,POLARA
Polygonus sp.,POLG-SP
Polygonus leo,POLGLEO
Polygonus manueli,POLGMAN
Polites sp.,POLI-SP
Polites baracoa,POLIBAR
Polites carus,POLICAR
Polites draco,POLIDRA
Polites mardon,POLIMAR
Polites mystic,POLIMYS
Polites origenes,POLIORI
Polites peckius,POLIPEC
Polites rhesus,POLIRHE
Polites sabuleti,POLISAB
Polites sonora,POLISON
Polites themistocles,POLITHE
Polites vibex,POLIVIB
Poladryas minuta,POLMIN
Polythrix sp.,POLT-SP
Polythrix mexicanus,POLTMEX
Polythrix octomaculata,POLTOCT
Polygonia sp.,POLY-SP
Polygonia comma,POLYCOM
Polygonia faunus,POLYFAU
Polygonia faunus faunus,POLYFAU
Polygonia faunus hylas,POLYFAU
Polygonia faunus silvius,POLYFAU
Polygonia gracilis,POLYGRA
Polygonia gracilis zephyrus,POLYGRA
Polygonia interrogationis,POLYINT
Polygonia oreas,POLYORE
Polygonia progne,POLYPRO
Polygonia satyrus,POLYSAT
Pompeius verna,POMVER
Pontia sp.,PON-SP
Pontia beckerii,PONBEC
Pontia occidentalis,PONOCC
Pontia protodice,PONPRO
Pontia sisymbrii,PONSIS
Problema sp.,PRO-SP
Problema bulenta,PROBUL
Problema byssus,PROBYS
Proteides mercurius,PROTMER
Pseudocopaeodes eunus,PSEEUN
Pyrgus sp.,PYR-SP
Pyrgus albescens,PYRALB
Pyrgus centaureae,PYRCEN
Pyrgus centaureae wyandot,PYRCEN
Pyrgus communis,PYRCOM
Pyrgus oileus,PYROIL
Pyrgus philetas,PYRPHI
Pyrrhopyge araxes,PYRRARA
Pyrgus ruralis,PYRRUR
Pyrgus scriptura,PYRSCR
Pyrgus xanthus,PYRXAN
Quasimellana eulogius,QUAEUL
Rekoa sp.,REK-SP
Rekoa marius,REKMAR
Rekoa palegon,REKPAL
Rhinthon osca,RHIOSC
Boloria improba acrocnema,S-BOAC
Limenitis arthemis arthemis,S-LIAR
Limenitis arthemis astyanax,S-LIAS
Lycaeides melissa samuelis,S-LYSA
Satyrium sp.,SAT-SP
Satyrium acadica,SATACA
Satyrium auretorum,SATAUR
Satyrium behrii,SATBEH
Satyrium calanus,SATCA1
Satyrium californica,SATCA2
Satyrium caryaevorum,SATCA3
Satyrium edwardsii,SATEDW
Satyrium favonius,SATFAV
Satyrium favonius favonius,SATFAV
Satyrium favonius ontario,SATFAV
Satyrium fulginosa,SATFUL
Satyrium ilavia,SATILA
Satyrium kingi,SATKIN
Satyrium liparops,SATLIP
Satyrium polingi,SATPOL
Satyrium saepium,SATSAE
Satyrium sylvinus,SATSYL
Satyrium tetra,SATTET
Satyrium titus,SATTIT
Satyrodes sp.,SATY-SP
Satyrodes appalachia,SATYAPP
Satyrodes eurydice,SATYEUR
Apaturinae sp.,SF-APAT
Coliadinae sp.,SF-COLI
Heliconiinae sp.,SF-HELI
Hesperiinae sp.,SF-HESP
Heteropterinae sp.,SF-HETE
Limenitidinae sp.,SF-LIME
Megathyminae sp.,SF-MEGA
Nymphalinae sp.,SF-NYMP
Papilioninae sp.,SF-PAPI
Pierinae sp.,SF-PIER
Polyommatinae sp.,SF-POLY
Pyrginae sp.,SF-PYRG
Satyrinae sp.,SF-SATY
Theclinae sp.,SF-THEC
Siderus tephraeus,SIDTEP
Siproeta sp.,SIP-SP
Siproeta epaphus,SIPEPA
Siproeta stelenes,SIPSTE
Smyrna blomfildia,SMYBLO
Sostrata bifasciata,SOSBIF
Spathilepia clonius,SPACLO
Speyeria sp.,SPEY-SP
Speyeria adiaste,SPEYADI
Speyeria aphrodite,SPEYAPH
Speyeria atlantis,SPEYATL
Speyeria atlantis atlantis,SPEYATL
Speyeria atlantis hesperis,SPEYATL
Speyeria atlantis nausicaa,SPEYATL
Speyeria callippe,SPEYCAL
Speyeria callippe nevadensis,SPEYCAL
Speyeria coronis,SPEYCOR
Speyeria cybele,SPEYCYB
Speyeria cybele leto,SPEYCYB
Speyeria diana,SPEYDIA
Speyeria edwardsii,SPEYEDW
Speyeria egleis,SPEYEGL
Speyeria hydaspe,SPEYHYD
Speyeria idalia,SPEYIDA
Speyeria mormonia,SPEYMOR
Speyeria mormonia atronia,SPEYMOR
Speyeria mormonia luski,SPEYMOR
Speyeria nokomis,SPEYNOK
Speyeria zerene,SPEYZER
Speyeria zerene carolae,SPEYZER
Stallingsia maculosa,STAMAC
Staphylus sp.,STAP-SP
Staphylus ceos,STAPCEO
Staphylus hayhurstii,STAPHAY
Staphylus mazans,STAPMAZ
Stinga morrisoni,STIMOR
Strymon sp.,STR-SP
Strymon acis,STRACI
Strymon albata,STRALB
Strymon alea,STRALE
Strymon avalona,STRAVA
Strymon bazochii,STRBAZ
Strymon bebrycia,STRBEB
Strymon cestri,STRCES
Strymon istapa,STRIST
Strymon limenia,STRLIM
Strymon martialis,STRMAR
Strymon melinus,STRMEL
Strymon rufofusca,STRRUF
Strymon serapio,STRSER
Strymon yojoa,STRYOJ
Synapte sp.,SYN-SP
Synapte malitiosa,SYNMAL
Synapte salenus,SYNSAL
Synapte syraces,SYNSYR
Gyrocheilus patrobas,SYRPAT
Systasea sp.,SYS-SP
Systasea pulverulenta,SYSPUL
Systasea zampa,SYSZAM
Texola elada,TEXELA
Thespieus macareus,THEMAC
Thorybes sp.,THO-SP
Thorybes bathyllus,THOBAT
Thorybes confusis,THOCON
Thorybes diversus,THODIV
Thorybes drusius,THODRU
Thorybes mexicanus,THOMEX
Thorybes pylades,THOPYL
Thymelicus lineola,THYLIN
Timochares ruptifasciatus,TIMPUR
Tmolus echion,TMOECH
Typhedanus undulatus,TYPUND
Urbanus sp.,URB-SP
Urbanus belli,URBBEL
Urbanus dorantes,URBDO1
Urbanus doryssus,URBDO2
Urbanus esmeraldus,URBESM
Urbanus procne,URBPR1
Urbanus pronus,URBPR2
Urbanus proteus,URBPR3
Urbanus simplicius,URBSIM
Urbanus tanna,URBTAN
Urbanus teleus,URBTEL
Vacciniina optilete,VACOPT
Vaga blackburni,VAGBLA
Vanessa sp.,VAN-SP
Vanessa annabella,VANANN
Vanessa atalanta,VANATA
Vanessa cardui,VANCAR
Vanessa tameneamea,VANTAM
Vanessa virginiensis,VANVIR
Vettius fantasos,VETFAN
Vidius perigenes,VIDPER
Wallengrenia sp.,WAL-SP
Wallengrenia egeremet,WALEGE
Wallengrenia otho,WALOTH
Xenophanes tryxus,XENTRY
Zestusa dorus,ZESDOR
Zizula cyna,ZIZCYN
Greta morgane,GREMOR
Itaballia demophile,ITADEM
Temenis laothoe,TEMLAO
Heliopetes sublinea,HELISUB
Ziegleria guzanta,ZIEGUZ
Baeotis zonata,BIEZON
Achlyodes pallida,ACHLPAL
Pompeius pompeius,POMPOM
Rhetus arcius,RHEARC
Ebrietas sp.,EBR-SP
Melinaea lilis,MELLIL
Adelpha bredowii californica,ADEBRE
Agriades podarce,AGRGLA
Anthocharis sara thoosa,ANTHSAR
Celastrina ladon echo,CELLAD
Cercyonis pegala boopis,CERPEG
Colias philodice (eriphyle),COLPHI
Erynnis brizo lacustra,ERYBRI
Euchloe hyantis foothill,EUCHYA
Hesperia colorado harpalus,HESCOM
Hesperia colorado ssp.,HESCOM
Hesperia colorado tildeni,HESCOM
Incisalia augustinus iroides,CALLAUG
Incisalia eryphon,CALLERY
Incisalia mossii,CALLMOS
Lycaeides idas anna,LYCIDA
Lycaeides melissa melissa,LYCMEL
Lycaena arota arota,LYCAARO
Lycaena arota virginiensis,LYCAARO
Mitoura gryneus chalcosiva,CALLGRY
Mitoura gryneus nelsoni,CALLGRY
Mitoura johnsoni,CALLJOH
Phyciodes campestris campestris,PHYCAM
Phyciodes campestris campestris/montana,PHYCAM
Phyciodes campestris inornatus,PHYCAM
Phyciodes campestris montana,PHYCAM
Phyciodes orseis herlani,PHYORS
Polites sabuleti sabuleti,POLISAB
Polites sabuleti ssp.,POLISAB
Polites sabuleti tecumseh,POLISAB
Satyrium fuliginosum fuliginosum,SATFUL
Satyrium fuliginosum semiluna,SATFUL
Speyeria atlantis irene,SPEYATL
Speyeria callippe juba,SPEYCAL
Speyeria callippe ssp.,SPEYCAL
Thorybes mexicana nevada,THOMEX
Zerene eurydice,COLEU1
Icaricia icarioides fenderi,PLEICA
Neonympha mitchellii francisci,NEONMIT
Icaricia icarioides missionensis,PLEICA
Speryeria zerene hippolyta,SPEYZER
Glaucopsyche lygdamus palosverdesensis,GLALYG
Euphydryas editha taylori,EUPHEDI
Apodemia mormo langei,APOMOR
Plebejus icarioides fenderi,PLEICA
